account_id,borrower_id,product_type,opened_at,closed_at,credit_limit_cad,account_status,cycle_due_day
ACC79CD05D28EF8,BRW5322DDEE613D,CREDIT_LINE,2022-02-18,,1500,current,25
ACC99EA03B346CB,BRW7512F7030EA8,CREDIT_BUILDING,2024-03-03,,3000,current,2
ACCA5504218E094,BRWB8643C29A3A4,PREPAID_SECURED,2022-05-15,,1500,delinquent_30,15
ACC27451DE72578,BRWC695F803C3F2,PREPAID_SECURED,2022-10-08,,3000,current,11
ACCA93175A2A79D,BRW584E9F902D47,PREPAID_SECURED,2022-08-31,,5000,delinquent_60,11
ACC0C41C9D4C33B,BRWA2DBFFC52D32,PREPAID_SECURED,2022-09-15,,3000,current,10
ACC94ADF28A2216,BRWBBB16E25AA15,CREDIT_BUILDING,2024-02-18,,1500,current,14
ACCC02932D968CD,BRW5B3C89B637A2,PREPAID_SECURED,2022-12-01,,5000,delinquent_60,1
ACC6CFD16EEEF15,BRWA28B882DC70A,PREPAID_SECURED,2022-05-01,,5000,delinquent_30,19
ACC40EEFE29D55D,BRW65B149C8EF69,PREPAID_SECURED,2023-09-14,,3000,current,21
ACC829EF3F8E5CF,BRW05A8D0837131,PREPAID_SECURED,2023-08-22,,2000,current,8
ACC36EBD938C27C,BRW4CB9354252B2,CREDIT_BUILDING,2023-09-18,,5000,current,15
ACCDA37E1729C3E,BRWB57077BA18C4,CREDIT_LINE,2023-08-24,,2000,current,17
ACCDB82917D8901,BRW78B663571C6A,PREPAID_SECURED,2024-04-29,,2000,delinquent_60,24
ACC04BDEB161E55,BRW13631EFE0DB5,CREDIT_LINE,2022-04-22,,3000,current,22
ACC013A7954002D,BRW6D83FA0D57B8,PREPAID_SECURED,2022-07-10,2024-01-21,1500,charged_off,11
ACC62DB8899AAED,BRW6DA6AFB42232,PREPAID_SECURED,2024-02-01,,5000,current,9
ACC6A07D4193E07,BRW5450716E207A,CREDIT_LINE,2023-10-25,,1000,current,8
ACC251C5C401BE1,BRWFE79A70EFF2D,PREPAID_SECURED,2023-05-08,,1500,current,23
ACCCC4498BC3C9E,BRWFE79A70EFF2D,PREPAID_SECURED,2023-05-20,,1500,current,26
ACC414CEADBD73A,BRW3AD60186DC3D,PREPAID_SECURED,2022-08-31,,500,current,13
ACC4114D16299C3,BRW8B8CCB32F2BA,CREDIT_LINE,2022-09-17,2023-05-14,1500,charged_off,2
ACCC01EB869C5C6,BRW8B8CCB32F2BA,CREDIT_LINE,2022-09-10,,5000,current,21
ACC0A16DA144BC7,BRW8B5EC0A30DBA,PREPAID_SECURED,2022-11-01,,1000,current,9
ACCD6BB7F68EF98,BRWBF475841CF38,PREPAID_SECURED,2024-02-19,,1500,current,24
ACC0B7493A82DE6,BRWBF475841CF38,PREPAID_SECURED,2024-02-12,,1000,current,17
ACC3DF396B82A4E,BRW332186FEA6F0,CREDIT_LINE,2023-11-04,,500,current,23
ACCF406295935C7,BRWDAEFB57E9B38,PREPAID_SECURED,2024-03-16,,1000,current,6
ACC7B92678F339B,BRW07508E786446,CREDIT_BUILDING,2023-05-13,,2000,current,25
ACC48F14A1CF733,BRW8A59DEC41362,CREDIT_BUILDING,2022-06-11,,1500,current,21
ACCAABF30F91E27,BRW8A59DEC41362,PREPAID_SECURED,2022-06-27,,1000,current,28
ACC26E0AF15755D,BRW4C8C62A9829E,CREDIT_BUILDING,2024-07-28,,1000,current,2
ACC569C87F0C150,BRW4C8C62A9829E,CREDIT_BUILDING,2024-07-23,,2000,delinquent_30,24
ACC41CFE1A185F5,BRW8F5CEE5AB0C7,CREDIT_BUILDING,2023-11-01,,1500,delinquent_60,10
ACC91E07AA275A2,BRW8F5CEE5AB0C7,CREDIT_LINE,2023-10-09,,3000,current,10
ACCCFEDCC4C93A0,BRW3F7F500288D9,CREDIT_BUILDING,2023-08-06,,3000,current,28
ACC4D9698A56A56,BRW93AD985BC7CC,CREDIT_LINE,2023-12-15,,1000,delinquent_30,6
ACC939324B90935,BRW257B5DD5279F,CREDIT_BUILDING,2024-03-20,,1500,current,24
ACCA4C789D5A866,BRW7F50BE2851B7,CREDIT_BUILDING,2022-11-15,,3000,current,6
ACCAAD6A4E98866,BRWB24450CCF7FC,PREPAID_SECURED,2023-07-07,,2000,delinquent_60,11
ACC8658D7E0AECE,BRWB3AA981C6925,CREDIT_BUILDING,2023-11-14,,500,current,16
ACCA1B4FBCB9FA3,BRWEC311E26C82A,CREDIT_BUILDING,2022-08-07,,500,current,15
ACCE47BFF9A6258,BRWA94576A67BD2,PREPAID_SECURED,2024-03-29,,1500,current,1
ACC199FE96E4F07,BRWDA150C362A51,PREPAID_SECURED,2022-12-21,,5000,current,4
ACC6620014A15BF,BRW59339CFF1B05,PREPAID_SECURED,2024-05-11,,2000,current,25
ACC678ECECD5179,BRWCF7C2BD77CC0,CREDIT_LINE,2023-08-11,,5000,delinquent_90,12
ACCC5F6AA1EA3C5,BRW526C6D90FA58,CREDIT_LINE,2024-04-29,,1000,current,24
ACC5EE086127EAA,BRW20F799A8FD5D,CREDIT_LINE,2022-06-04,,2000,current,25
ACC437F09F0F5E0,BRW20F799A8FD5D,CREDIT_BUILDING,2022-06-15,,5000,delinquent_60,22
ACC5B771C182C4A,BRW0028B10738CC,PREPAID_SECURED,2022-11-23,,500,current,23
ACC9DE021421329,BRW95C7E69FE118,PREPAID_SECURED,2023-09-03,,3000,current,17
ACCE45281AA9438,BRWCFD83DC5346A,PREPAID_SECURED,2023-03-19,,1000,current,15
ACC5972AB3DE4C6,BRW5C5C4F7863F0,CREDIT_BUILDING,2023-06-27,,5000,current,17
ACC2E95EA854EE7,BRW804987240FE7,CREDIT_LINE,2022-12-16,,2000,current,15
ACC3EF1EAEBEC03,BRW39987D464D27,CREDIT_LINE,2022-09-18,,2000,current,24
ACC79FB8CEA1958,BRWC3D98B610266,PREPAID_SECURED,2022-09-08,,500,delinquent_30,3
ACC0BA250DF6F17,BRW3799CB2989F4,CREDIT_BUILDING,2022-04-05,,5000,current,3
ACC85B633AD8948,BRW019CA960ACC6,CREDIT_BUILDING,2022-09-07,,500,current,25
ACCD45CB4A4F464,BRW019CA960ACC6,CREDIT_LINE,2022-08-16,2024-09-05,5000,charged_off,12
ACCC74AAC1B8049,BRW232E21123DBA,CREDIT_LINE,2023-09-07,,2000,delinquent_60,13
ACC46C8EA51D125,BRW232E21123DBA,CREDIT_BUILDING,2023-08-19,2024-08-19,5000,charged_off,21
ACCF9ABA84E6050,BRW62586C41F37C,PREPAID_SECURED,2022-07-21,2023-11-25,1000,closed,5
ACC85E03668CD35,BRW62586C41F37C,CREDIT_BUILDING,2022-08-29,,1000,delinquent_60,10
ACC553E98306D8C,BRW4D449C7874D5,CREDIT_LINE,2023-04-25,,3000,current,27
ACCBA8B9350E510,BRW78B31997F53E,CREDIT_BUILDING,2023-12-20,,1500,current,24
ACC65F5F5083DC1,BRW49DF7DA99939,CREDIT_BUILDING,2023-02-19,,5000,current,8
ACC52B8403CA47B,BRWFFB890EF7AF5,PREPAID_SECURED,2022-09-18,,3000,current,22
ACCCB500F050D63,BRWDF20E0525A75,CREDIT_LINE,2023-03-12,,1000,delinquent_30,15
ACC3A66A0248F97,BRWF52ADA83D3EF,CREDIT_LINE,2023-04-12,,500,current,8
ACC69B25B1631AD,BRW62375A0FB753,PREPAID_SECURED,2022-04-08,,3000,current,25
ACC387A25CDC35A,BRW62375A0FB753,CREDIT_BUILDING,2022-04-05,,1500,current,22
ACC4F106BAED77E,BRWFCCCF74A0EE3,PREPAID_SECURED,2022-05-02,,1500,current,19
ACCB650466E3300,BRWFBE0F7C34369,CREDIT_LINE,2023-04-20,,1000,current,18
ACCEC19DBC9FD90,BRWFBE0F7C34369,PREPAID_SECURED,2023-03-24,2024-07-16,500,charged_off,11
ACCFAFB6C2F8A4A,BRWDACC5EAF3F4B,CREDIT_BUILDING,2022-03-28,,1000,current,25
ACC9E5C73E812A2,BRW298611DE4D47,PREPAID_SECURED,2022-10-14,,1000,current,5
ACC83290058A4C9,BRWD4F897678DA4,CREDIT_LINE,2023-05-07,,500,current,18
ACC1C348C19D2AB,BRWD4F897678DA4,CREDIT_LINE,2023-04-12,,1000,current,7
ACCC044D42A9E11,BRW715CA3F68476,CREDIT_BUILDING,2023-11-14,,2000,delinquent_60,18
ACCB6D465E63C8A,BRW7C0537D281DC,PREPAID_SECURED,2022-08-23,,500,current,20
ACC31BE49D0BA2D,BRWC316AE996448,PREPAID_SECURED,2022-04-28,,500,current,24
ACC03D10C68D6A2,BRWD659F8830BC5,CREDIT_LINE,2023-05-17,,2000,current,10
ACC66C984E206F9,BRWB57696FE4536,PREPAID_SECURED,2022-02-28,,1000,delinquent_90,4
ACCB103F07495CE,BRWB57696FE4536,PREPAID_SECURED,2022-04-16,,2000,delinquent_90,20
ACCE909B3658F46,BRWF16F7289128B,CREDIT_LINE,2022-04-06,,1000,current,13
ACC14857DD01A71,BRW6EA809C20146,CREDIT_LINE,2023-03-31,,1500,current,17
ACC451325E55C77,BRWC80E5B0A9780,PREPAID_SECURED,2023-09-14,,500,delinquent_30,16
ACCA0C75AC76134,BRWC80E5B0A9780,CREDIT_LINE,2023-10-03,,1500,delinquent_90,11
ACCC243D4906EE1,BRW4982CC6DB39C,CREDIT_BUILDING,2023-12-11,,1000,delinquent_30,9
ACCE6FA53BE6111,BRW7D2353D3F1CB,CREDIT_LINE,2022-09-04,,3000,delinquent_30,5
ACC376CF1756F98,BRW9F76BD50A585,CREDIT_BUILDING,2023-02-24,,2000,current,16
ACC4FE8950D9DBA,BRWE76A0F63A008,CREDIT_LINE,2023-01-19,,5000,current,24
ACC6A54BBE5B113,BRWBD5A9CD89355,CREDIT_LINE,2023-05-16,,2000,current,6
ACC271D976F85F9,BRWE63F2063AECF,PREPAID_SECURED,2022-04-20,,2000,current,21
ACC79556EC2AE41,BRWCC6FB0C6C3C9,CREDIT_BUILDING,2023-01-26,,500,delinquent_60,27
ACCC301F994D033,BRWCC6FB0C6C3C9,CREDIT_LINE,2023-02-04,,500,delinquent_30,5
ACC2C409DA1CE64,BRW3061766FAB57,CREDIT_BUILDING,2022-11-02,,500,current,7
ACC562672AB1F92,BRW3061766FAB57,PREPAID_SECURED,2022-11-20,,2000,current,21
ACCD3A3F04FFDAF,BRWD9E75BA60139,CREDIT_BUILDING,2023-10-28,,2000,current,1
ACC86186367D017,BRW04F2088D7F77,PREPAID_SECURED,2022-02-04,,500,current,9
ACC60962890FE9A,BRW805FB9F01894,PREPAID_SECURED,2022-06-05,,500,current,22
ACCB1F68D29EF08,BRWB7A9E8B14D02,CREDIT_BUILDING,2022-08-08,,1000,current,17
ACCDE5D552057F7,BRWC1221B7F523C,CREDIT_LINE,2022-08-09,,3000,current,9
ACCBCC21B90A78C,BRW59C2FC9AAD71,PREPAID_SECURED,2023-05-21,2024-04-10,1500,charged_off,8
ACC807B3272FB84,BRWD591E4CDBC8E,CREDIT_BUILDING,2022-04-19,,1500,current,21
ACCDE4AEEE7CE96,BRWD591E4CDBC8E,CREDIT_BUILDING,2022-05-29,,5000,delinquent_30,13
ACC8F2192A8357D,BRWEA10022A15DA,CREDIT_BUILDING,2022-02-08,,2000,current,23
ACC558179B24464,BRWC6143E46697F,CREDIT_LINE,2022-07-16,,2000,current,19
ACCBF462CD9668A,BRWD700E79C64CF,CREDIT_BUILDING,2023-08-04,,3000,delinquent_90,7
ACCC97813D6609F,BRWD700E79C64CF,CREDIT_LINE,2023-09-24,,5000,delinquent_60,9
ACCF6C8F70967C0,BRWAB53B2221B77,PREPAID_SECURED,2023-07-17,,5000,delinquent_90,19
ACC587A5B338A34,BRWC4150EA9DB09,CREDIT_BUILDING,2022-06-12,,1500,current,19
ACCF7A139A9D5FF,BRW957B2C70D2E4,CREDIT_BUILDING,2024-05-17,,5000,delinquent_60,10
ACCF8DB103B8B41,BRWF8C024340F61,CREDIT_LINE,2022-08-19,,3000,delinquent_60,22
ACCEA622A687BAB,BRWEEDD9C705B45,CREDIT_BUILDING,2024-03-30,,2000,delinquent_30,26
ACC7E1C0C5371A0,BRWEEDD9C705B45,PREPAID_SECURED,2024-04-22,,5000,current,12
ACC8068D3034546,BRW2EFE160ADB91,CREDIT_LINE,2024-03-05,,1000,delinquent_60,20
ACCD3D50245D877,BRW3B44AC15681B,CREDIT_BUILDING,2024-05-07,2024-10-27,2000,charged_off,21
ACCD47CEEBEFD7C,BRWF77D028630C8,PREPAID_SECURED,2022-07-31,,2000,current,13
ACCD6BCBFA8ECDE,BRW7F5EB75C31F1,CREDIT_BUILDING,2024-05-14,,3000,current,25
ACC14807C8DA755,BRWFB382E6C3575,CREDIT_BUILDING,2022-11-21,,1000,current,9
ACCE79C0736C43B,BRW1D3CD70959B6,CREDIT_LINE,2022-03-26,,5000,current,11
ACC2C05E6C56D9A,BRW0A82534C2D45,CREDIT_LINE,2022-12-30,2024-06-27,500,charged_off,25
ACC2E4E97B54A7F,BRW323113EC88F1,CREDIT_LINE,2022-08-25,,500,current,18
ACCF4D18223C670,BRW4A779CCAA387,CREDIT_LINE,2022-11-08,,500,current,18
ACCEABD651482AF,BRW7C81B9E05FC0,CREDIT_BUILDING,2023-02-02,,1500,delinquent_60,10
ACCFDBE0036A6AC,BRW2638D169BCD1,PREPAID_SECURED,2023-01-24,,500,delinquent_30,8
ACC9AC977CDA368,BRW98CF4774BD9A,CREDIT_BUILDING,2022-07-12,,5000,current,9
ACCEE5F3553C252,BRW3A2F867B48DE,CREDIT_LINE,2022-05-23,,1000,current,9
ACCA2AF32A87184,BRWAF5889A79FD9,CREDIT_BUILDING,2023-04-22,,500,current,24
ACC8CE1D62FAF45,BRW5B4AEA349CF8,CREDIT_BUILDING,2023-09-21,,3000,current,5
ACC583A146BABFA,BRW3C30048DF357,PREPAID_SECURED,2022-03-03,,2000,current,13
ACC3AB12C33B955,BRW61398A3B2DFA,PREPAID_SECURED,2023-01-29,,2000,current,20
ACC195B010AEB54,BRW61398A3B2DFA,PREPAID_SECURED,2023-01-16,,1500,current,7
ACC1CF16F0AED13,BRW8E336AE46069,PREPAID_SECURED,2023-10-12,2024-06-07,2000,charged_off,23
ACC185C1954C375,BRW23E72867CB6D,CREDIT_LINE,2023-07-10,,1000,current,27
ACC71520FCECBB5,BRWB7685DAA994F,CREDIT_BUILDING,2024-01-07,,500,delinquent_90,19
ACC081F0481DE9F,BRW0E445F8D125F,CREDIT_BUILDING,2023-11-23,,5000,delinquent_30,24
ACCCC4A10363C1E,BRW0E445F8D125F,CREDIT_LINE,2023-12-11,,5000,current,27
ACC3E4E76FB34ED,BRW9A20248F2B97,CREDIT_BUILDING,2023-11-14,,2000,current,21
ACC90694EE4128F,BRWC05E5C6137A5,CREDIT_LINE,2022-11-24,,5000,current,26
ACC3EAEAD99B5E6,BRWC0043E20166C,CREDIT_LINE,2023-10-12,,3000,current,18
ACCBF8908ED4E8E,BRW574B768B50EF,CREDIT_BUILDING,2024-01-20,,5000,current,26
ACCD27903F75186,BRW539BFC93D754,CREDIT_BUILDING,2023-12-20,,3000,current,4
ACCC2602892CCCC,BRW539BFC93D754,CREDIT_LINE,2023-12-25,,1000,current,6
ACC0894D43C4BB7,BRW9B1485BAD79A,CREDIT_LINE,2022-12-12,2024-04-24,3000,closed,26
ACC668E231FAFBA,BRW24417261205F,PREPAID_SECURED,2023-11-20,,500,current,24
ACC54B318F2B336,BRW7225FEEBCB31,CREDIT_LINE,2022-03-04,,5000,current,12
ACC83BAEED45BB4,BRW685E39C6FE80,PREPAID_SECURED,2024-07-08,,5000,current,5
ACC2EA0AB0F2ED6,BRWFD9E8B0CBC5F,CREDIT_LINE,2022-07-20,,2000,current,3
ACC60F1359CB9BC,BRW8DF08E5FAB8F,CREDIT_LINE,2022-11-06,,5000,current,11
ACCA59B66BB294C,BRW20F9B7B44393,CREDIT_LINE,2024-03-21,,3000,current,4
ACCDAA89F3C65A0,BRWEE8DF6EE1C51,CREDIT_LINE,2023-06-04,,2000,current,2
ACC9C5A003D9F82,BRWFEAD0202E0B9,PREPAID_SECURED,2023-04-20,,500,delinquent_60,4
ACCFC6758D62258,BRWFEAD0202E0B9,PREPAID_SECURED,2023-05-26,,1000,delinquent_90,8
ACCD9520B566A5E,BRW55BEE34E6FA7,CREDIT_LINE,2023-08-31,,1000,current,15
ACC4C147106F039,BRWF712C5A8980C,PREPAID_SECURED,2023-10-15,,5000,current,22
ACCA0E6001E99DC,BRWC1FB885485FB,CREDIT_BUILDING,2024-05-01,,5000,current,15
ACC099C3713C492,BRW82C4F8D1D94C,CREDIT_BUILDING,2024-02-25,,500,current,9
ACC0725BA597039,BRWBCE3F0D8FCA2,PREPAID_SECURED,2024-06-30,,500,current,6
ACCE925A6604ECF,BRWFFF9A1627087,PREPAID_SECURED,2023-05-24,,2000,current,28
ACCFA38C3AC0BBD,BRW24032C314814,PREPAID_SECURED,2024-02-10,,1500,current,13
ACCE5C17A7687E0,BRW478E0300B6B0,PREPAID_SECURED,2023-07-30,,1500,delinquent_60,6
ACC2FC46F5CE0FC,BRW540D568144A1,PREPAID_SECURED,2024-01-26,,1500,delinquent_90,3
ACC6ADFC9A2B021,BRW540D568144A1,CREDIT_BUILDING,2024-01-24,,1000,current,10
ACCFC49EED9F3C7,BRW549912FCF66A,CREDIT_LINE,2023-03-17,,5000,current,14
ACCBDCD0C21C363,BRW59AD385D1458,CREDIT_LINE,2022-09-05,,2000,current,21
ACCF3970BD342A5,BRW91DE04A45590,CREDIT_BUILDING,2024-02-10,,5000,delinquent_90,18
ACCD364DD079C49,BRWA24486E651CD,CREDIT_LINE,2023-02-12,,1000,current,20
ACC430FCCFC3845,BRW8D51BA4A1C2E,CREDIT_BUILDING,2024-03-04,,500,current,27
ACC47C6163812C0,BRWF62B2788B8DD,CREDIT_LINE,2023-08-10,,3000,current,22
ACC41B9589212B1,BRWAF8B07B127F9,CREDIT_BUILDING,2022-09-28,,2000,current,19
ACC6B7603DE65F9,BRWD0E2A1A227CE,CREDIT_LINE,2022-03-19,,1000,current,8
ACC7547F35D0F92,BRWA9B69A6D6502,CREDIT_LINE,2024-01-22,,2000,current,18
ACC51987E25A41A,BRWCB8F34D41A02,PREPAID_SECURED,2023-11-05,,500,current,27
ACCFFE73E59DD30,BRWC02B6D95F03B,CREDIT_LINE,2023-09-04,,500,delinquent_30,18
ACC57BE402BA077,BRWC02B6D95F03B,PREPAID_SECURED,2023-08-14,,2000,current,25
ACCBEB6A545317F,BRWAC9B54B5E8B1,CREDIT_LINE,2022-07-13,,500,current,28
ACC7F4243F0E477,BRW4E2245BA1576,CREDIT_BUILDING,2023-02-21,,500,delinquent_30,7
ACCF0BAB496106B,BRW4E2245BA1576,CREDIT_LINE,2023-03-16,,5000,current,28
ACC77F230BE5873,BRWD70AAC8FCD09,CREDIT_BUILDING,2024-03-30,,2000,current,26
ACCD62D832906D2,BRW26F04BD497F8,PREPAID_SECURED,2022-09-29,,500,current,9
ACC5C6330CBEAE7,BRW9BBC11557CA8,CREDIT_LINE,2022-03-05,2023-03-29,1500,charged_off,19
ACC7BE6A7CC47C6,BRW95D96787AA4D,CREDIT_BUILDING,2024-05-03,2024-08-25,3000,closed,25
ACCF879C9994CD4,BRW40DCCA578D3F,CREDIT_BUILDING,2022-11-08,2024-12-08,500,closed,23
ACCC256A6F1D565,BRW15DC839896ED,CREDIT_BUILDING,2022-09-17,,1000,current,25
ACC9DA323F8C468,BRW15DC839896ED,CREDIT_BUILDING,2022-10-25,,5000,current,19
ACC6846E4CC304E,BRWFCAEF5BC391B,CREDIT_BUILDING,2022-09-21,,2000,current,21
ACC15DD50FD9F5E,BRW7AD76C32D06E,PREPAID_SECURED,2022-08-09,,500,current,9
ACC4A9304140324,BRW5BB8C546C1A8,CREDIT_LINE,2024-05-02,,1500,current,11
ACCAE5DC537D038,BRWA63CDFB560D9,CREDIT_LINE,2023-10-10,,5000,current,21
ACCAC82550FAC3E,BRWA725BFFA1EA4,CREDIT_LINE,2023-03-05,,500,delinquent_30,7
ACCE41F2279BF84,BRWAAA14E95827F,CREDIT_LINE,2024-01-30,,1000,current,27
ACCB52D07E07279,BRWAAA14E95827F,CREDIT_BUILDING,2023-12-27,,1500,current,19
ACCE943D30E5135,BRW81A4283770EB,CREDIT_BUILDING,2024-07-09,,1500,delinquent_90,2
ACCF84240B16426,BRW81A4283770EB,CREDIT_LINE,2024-05-26,,5000,delinquent_30,1
ACC39F2BB587A39,BRW0858B4EE0B46,CREDIT_BUILDING,2024-05-05,,1000,current,14
ACC3E7FF2BA0EBF,BRW348B996776A6,CREDIT_LINE,2022-04-25,,1000,delinquent_60,6
ACCF3DD1B45A099,BRWE3D133F4E06F,CREDIT_LINE,2024-06-17,,1500,current,9
ACC3CF98F18BB6F,BRWE3D133F4E06F,PREPAID_SECURED,2024-04-27,,1500,current,6
ACCC3456E22C99C,BRW47E0BC388134,CREDIT_BUILDING,2023-11-22,,1500,delinquent_30,14
ACC40F4D1480271,BRWE14B9D32E84D,CREDIT_LINE,2023-05-06,,500,current,3
ACCF0368CCA71A3,BRWD115F4AF2DA2,CREDIT_BUILDING,2023-10-07,,3000,current,1
ACC1479D3BCBEF5,BRWFF5BD082B3C7,PREPAID_SECURED,2023-06-13,2024-04-14,500,closed,5
ACC3A6DD3F8AF6B,BRW444EE6728D69,CREDIT_BUILDING,2022-12-11,,2000,current,4
ACCD7803D02EDFD,BRWED0E5F0FBF9B,CREDIT_BUILDING,2022-12-08,,1500,current,21
ACCBC016E68B5F2,BRW5E3C1DE033DA,CREDIT_BUILDING,2023-08-16,,500,current,20
ACCB5CCBE70E058,BRW5E3C1DE033DA,PREPAID_SECURED,2023-09-17,,1000,current,7
ACC3E7A9A549FC4,BRWD1A81BC51B9C,CREDIT_LINE,2023-05-31,,2000,current,28
ACC57C40CA65068,BRW93D1C73D966A,CREDIT_BUILDING,2023-02-25,,500,current,19
ACCBFAC67C144C0,BRW2929F7B44C6D,CREDIT_BUILDING,2024-01-11,,2000,current,8
ACCA2681E7A2A0C,BRWA277AEDD8F98,PREPAID_SECURED,2022-07-20,,1000,current,24
ACC7F0A0D8B75A8,BRW940B9D630DDB,PREPAID_SECURED,2023-09-10,,5000,current,10
ACC0A11804F3485,BRW10BFB574BCBB,CREDIT_LINE,2023-05-12,,3000,current,10
ACCC7A9FD5E7399,BRWF2AA6F534F72,CREDIT_BUILDING,2023-04-10,,1000,current,8
ACCF884367BC00C,BRW7FDC59AB2D7A,CREDIT_BUILDING,2023-02-20,,500,current,12
ACCD8FF5E95562E,BRWA6AE318FE7B3,PREPAID_SECURED,2024-02-11,,2000,delinquent_60,14
ACC3841F4C24735,BRWA6AE318FE7B3,CREDIT_LINE,2024-02-26,,3000,current,25
ACC627AD51A8A91,BRW676AFBC5D77D,CREDIT_BUILDING,2022-11-11,,500,current,2
ACCDA6F808EA2FC,BRWC2BC0A73A74E,PREPAID_SECURED,2023-01-19,,2000,current,23
ACCDBA5E42D1B36,BRWC2BC0A73A74E,CREDIT_LINE,2022-12-22,,2000,current,3
ACC81AC8FC33AD8,BRW3BB29FB8DD23,CREDIT_BUILDING,2022-08-19,,3000,current,10
ACC1322EA2825AA,BRWDCC0D772BA22,PREPAID_SECURED,2024-04-16,2024-08-23,1000,charged_off,11
ACC553A33B6BD5B,BRWB02BA1EDAE13,CREDIT_BUILDING,2024-06-11,,5000,current,10
ACC0702CBD0E413,BRW0C6CBBEB336B,CREDIT_BUILDING,2022-12-22,,1000,current,14
ACC8687E6E8D1F9,BRW9F2BEA0149DD,PREPAID_SECURED,2022-03-27,,3000,current,24
ACC95F5F858EB9D,BRWF755CD8939F3,CREDIT_BUILDING,2023-10-27,,500,current,23
ACCEC4B1E253AC2,BRWEFE970FD19AE,PREPAID_SECURED,2023-09-11,,1500,current,9
ACCA0A6B22D8D2F,BRW65F279581E21,CREDIT_LINE,2022-07-16,,5000,delinquent_30,24
ACCD3369FB67E75,BRWF013578F87B5,CREDIT_LINE,2022-06-15,,500,current,9
ACCAA9162919B74,BRWF013578F87B5,PREPAID_SECURED,2022-05-30,,500,current,21
ACC4B8CAF0DE11D,BRWFD57C3F38561,CREDIT_LINE,2023-09-12,,3000,current,28
ACC81E0B1CB826E,BRWD4E1D7963148,CREDIT_BUILDING,2024-05-03,,1000,current,19
ACC98D447F6C19C,BRW5F0048F8F18A,CREDIT_BUILDING,2022-05-09,,1000,delinquent_30,2
ACCCA367DEB54E3,BRW61636410E75F,CREDIT_LINE,2024-03-20,,1000,current,13
ACC1820366C370F,BRW61636410E75F,CREDIT_BUILDING,2024-05-17,,1000,current,18
ACCF2106DF7B490,BRW0F6053FA14E7,CREDIT_BUILDING,2023-05-22,,5000,current,11
ACCA580635F51C2,BRW0F6053FA14E7,CREDIT_LINE,2023-04-22,,2000,delinquent_90,9
ACC82C82ADA85D8,BRWCDAC78793EBB,PREPAID_SECURED,2023-04-21,,1500,current,2
ACC2EABD668D384,BRWCDAC78793EBB,CREDIT_BUILDING,2023-03-27,,1000,delinquent_30,13
ACCA5B97652EDEE,BRWA3554AF781B0,CREDIT_LINE,2024-02-26,,1500,delinquent_30,11
ACC4A989D47A1F6,BRWD79759FBCD22,CREDIT_LINE,2022-10-27,,500,current,19
ACC3A0E64F59883,BRWC3A967E69354,CREDIT_LINE,2023-09-05,,3000,current,19
ACC5B29CD1E81F2,BRW359EF5D083EC,PREPAID_SECURED,2024-01-25,,1000,delinquent_30,25
ACC7E8ADFE4FEB7,BRW359EF5D083EC,CREDIT_LINE,2024-01-26,,1000,current,1
ACCD4D81E57D5CE,BRW75172D9EDD80,CREDIT_BUILDING,2022-11-14,,5000,delinquent_60,11
ACCC235CA804136,BRW26EAA0F8C901,PREPAID_SECURED,2022-04-25,,2000,delinquent_60,10
ACC08FD192A9114,BRWCBF2A15CBA3B,CREDIT_BUILDING,2023-12-12,,1000,current,5
ACCE8C4859C15DE,BRWA671F757F0C5,PREPAID_SECURED,2023-07-17,,500,delinquent_90,14
ACCA0480845E788,BRW2713E4C18E79,PREPAID_SECURED,2024-05-19,2024-09-07,2000,charged_off,4
ACCBA1E2676E015,BRW7ADDE8715252,PREPAID_SECURED,2023-10-12,,2000,current,2
ACC467D57A0DF70,BRWE3B50115DC06,CREDIT_LINE,2023-04-03,,1000,current,26
ACC3471B1A9CE7B,BRW67C873617CB2,CREDIT_LINE,2022-11-28,,5000,current,9
ACCCE4A648E9314,BRW1ED944B6C1A9,PREPAID_SECURED,2023-11-04,,1000,current,4
ACC290BD65414A1,BRWF0D67149D92E,CREDIT_LINE,2023-09-21,,2000,current,4
ACC03F06079D767,BRW255656509648,CREDIT_LINE,2023-10-13,,1000,current,9
ACCC912DA630B18,BRW1D235343145E,CREDIT_LINE,2023-08-19,,1000,delinquent_30,27
ACC33A95BF9EC89,BRW1D235343145E,CREDIT_BUILDING,2023-09-28,,5000,current,27
ACC1A36A0436B3B,BRWCED91CD28546,CREDIT_LINE,2023-06-25,,500,current,13
ACC78E3141FCBCD,BRWCED91CD28546,CREDIT_LINE,2023-07-18,,500,current,27
ACC45D0AEAD469F,BRWD2A306AF31CA,PREPAID_SECURED,2023-08-24,,2000,delinquent_60,24
ACC5BD446859285,BRWD2A306AF31CA,CREDIT_BUILDING,2023-09-27,,1000,current,26
ACC1EF86C4989D4,BRWCF1787151EAD,CREDIT_BUILDING,2023-05-04,,500,current,5
ACC1C1CE531FE4F,BRWF24EAD23824E,PREPAID_SECURED,2024-06-22,,1500,current,3
ACCFFEC609B706E,BRW2D71E71A0B4D,CREDIT_BUILDING,2022-11-08,,500,current,7
ACCB4343415E936,BRWBFFF14708301,CREDIT_LINE,2022-03-07,,1000,current,4
ACC22C541D2197C,BRWBFFF14708301,PREPAID_SECURED,2022-02-09,,2000,current,14
ACC979E62D7370A,BRWE7CC64304AD5,PREPAID_SECURED,2022-05-24,,2000,current,14
ACC2A1E2F2A4312,BRWE7CC64304AD5,CREDIT_BUILDING,2022-05-10,,1500,current,9
ACC7D5A9AD73361,BRWD735CD939503,PREPAID_SECURED,2024-06-19,,1000,current,20
ACC2ED613C3BDAC,BRW0CE121EB8AD9,PREPAID_SECURED,2023-05-07,,2000,current,16
ACCEC75DF95F551,BRW69CDB2DFA1D2,CREDIT_BUILDING,2023-10-17,,2000,current,21
ACC66353D2DC37C,BRW7DC6FC146160,PREPAID_SECURED,2022-08-30,,1000,current,26
ACC383AACA1EBF3,BRW7DC6FC146160,CREDIT_LINE,2022-07-29,,2000,delinquent_30,16
ACCDAAA304FF943,BRW32D28FEB5975,PREPAID_SECURED,2023-04-25,,1500,delinquent_90,11
ACC1D443221EB87,BRW2BC6452380B5,CREDIT_BUILDING,2023-10-19,,500,current,1
ACCE0050B02B9A4,BRW85B139416FAB,CREDIT_LINE,2023-01-03,,1500,current,17
ACC3359D36E5CDA,BRW85B139416FAB,CREDIT_BUILDING,2022-12-07,2023-08-17,3000,closed,8
ACC58C7ABEACA2F,BRW9A05F2D94094,PREPAID_SECURED,2022-09-05,,3000,delinquent_30,2
ACCB0967E5651B6,BRWD99A2B3C176B,CREDIT_LINE,2022-06-30,,1000,current,12
ACCECEC1DF5B3FA,BRWB66BA09A1B6F,PREPAID_SECURED,2023-07-30,,1000,current,11
ACC87E860CF1EBA,BRWB66BA09A1B6F,PREPAID_SECURED,2023-07-27,,5000,current,1
ACC823D309EF91C,BRW2440637943DE,PREPAID_SECURED,2023-05-21,,3000,current,7
ACCE29DACAD9D54,BRW8D6A6A05584D,CREDIT_BUILDING,2022-09-04,,2000,current,16
ACC882149848F12,BRW8D6A6A05584D,PREPAID_SECURED,2022-07-17,,500,current,8
ACC84B6AF8C9B5A,BRW1223243818FC,PREPAID_SECURED,2022-04-12,,500,current,7
ACC2EDB730C8023,BRWAD0656B14315,CREDIT_LINE,2023-01-05,,5000,current,2
ACC52800A0D9075,BRWAD0656B14315,CREDIT_BUILDING,2022-12-16,,1000,current,25
ACC5CAD7B697CA1,BRW25AD6DB24CA7,PREPAID_SECURED,2022-11-19,2024-03-05,1500,charged_off,22
ACC69D44B860034,BRW3B24319ABCB2,CREDIT_BUILDING,2023-11-13,,1500,current,6
ACC9F823CD9E300,BRW3816E27F7482,CREDIT_LINE,2023-06-07,2024-08-02,5000,charged_off,6
ACCBFB7A772DB45,BRWF88E56AD5E3E,PREPAID_SECURED,2023-02-26,,5000,delinquent_60,26
ACC9553D7B010D8,BRW687D78BB739D,CREDIT_LINE,2024-01-27,,3000,delinquent_30,10
ACC1BE191220E87,BRWBAD21DA3B0D3,CREDIT_BUILDING,2022-03-04,,1000,current,23
ACCD81E83285D93,BRWF46A9514EBC6,PREPAID_SECURED,2023-02-25,,3000,current,11
ACC35491722DE6B,BRWF46A9514EBC6,PREPAID_SECURED,2023-03-30,,3000,current,4
ACC9DDE4C558443,BRW015A8CA1F0DC,CREDIT_BUILDING,2023-06-01,,1500,delinquent_30,12
ACCA40F717D1D68,BRW015A8CA1F0DC,CREDIT_BUILDING,2023-06-12,,1000,current,27
ACC1A14790F1247,BRW26DDB950BAD1,CREDIT_LINE,2023-01-15,,5000,delinquent_60,1
ACC7D10B9C923C7,BRW4D9166D0CAFE,CREDIT_LINE,2022-04-28,,5000,current,26
ACCFBEF65E58865,BRW0DD4A5B52983,PREPAID_SECURED,2023-02-24,,500,current,14
ACC15277925ABE0,BRWFFAD9E38D0EE,CREDIT_LINE,2023-06-21,,2000,current,12
ACC2687AAA7F00F,BRWFFAD9E38D0EE,CREDIT_LINE,2023-05-30,,2000,current,26
ACC22399903DBB8,BRW5AD256D0680A,CREDIT_LINE,2024-01-21,,5000,current,3
ACC7B46BD15B74D,BRW5AD256D0680A,CREDIT_LINE,2024-01-31,,500,current,9
ACC87585AD9A177,BRWF7CF2C74447D,CREDIT_LINE,2024-05-26,,1500,current,6
ACC8BD4208165E2,BRWF7CF2C74447D,CREDIT_BUILDING,2024-07-07,,500,current,11
ACC0AD4AE0E287A,BRWCC8CF2FAE500,CREDIT_LINE,2023-11-12,,2000,current,21
ACC5ACC39CCB8DF,BRWA0CE4099E561,CREDIT_BUILDING,2022-04-03,,2000,current,11
ACCA39800BC7AD2,BRW0E8283063F56,PREPAID_SECURED,2022-09-02,,2000,current,24
ACC9BE1AFE9CB51,BRWF504D05611B6,CREDIT_BUILDING,2024-03-31,,1500,current,2
ACCB909B7E0F8B2,BRWDB2B618D4EC5,CREDIT_LINE,2022-07-25,,2000,current,1
ACC6A2C301B7ED7,BRWC8CB9DD042E4,CREDIT_LINE,2022-12-17,,5000,current,7
ACCFA53BA721902,BRW1FBA41C5454B,CREDIT_BUILDING,2023-03-31,,1000,current,16
ACC6120FD9DA697,BRW596E6252CC73,PREPAID_SECURED,2023-12-19,,2000,current,9
ACCDC3A32C255EF,BRW596E6252CC73,CREDIT_BUILDING,2023-12-05,,5000,current,12
ACCE1199F5884D2,BRW42D27BC2B262,CREDIT_LINE,2023-10-10,,1000,current,15
ACC43B18DE1CFDA,BRW42D27BC2B262,CREDIT_LINE,2023-10-16,,1500,current,19
ACCA87018DED8B5,BRW71CCB2C1F66E,CREDIT_BUILDING,2023-07-12,,5000,current,22
ACC06608D1C43D4,BRW6C9D16066D15,CREDIT_BUILDING,2023-11-19,2024-12-14,2000,charged_off,18
ACCC35572945972,BRW24E3EBADB72C,PREPAID_SECURED,2024-04-27,,3000,current,22
ACC7C1CF9297BFC,BRWC58DB40572F9,CREDIT_LINE,2022-07-11,,3000,delinquent_60,10
ACCD7026542B3F1,BRWC58DB40572F9,PREPAID_SECURED,2022-06-16,,2000,delinquent_90,2
ACC5ADE22E14CB1,BRW5C6F992F6DB6,PREPAID_SECURED,2022-12-30,,3000,delinquent_30,20
ACCB942CDBB04DC,BRW168130FA8017,CREDIT_BUILDING,2023-06-12,,2000,current,7
ACCF78041972A15,BRW826D2F394E93,PREPAID_SECURED,2024-05-31,,500,current,14
ACC2C94DBC0862D,BRW826D2F394E93,PREPAID_SECURED,2024-06-04,,5000,current,9
ACCC2BBBB6F7656,BRWC9409CD114D1,PREPAID_SECURED,2023-02-18,,500,current,13
ACC3B91BCD5C5DD,BRWC43D8C1D5740,CREDIT_BUILDING,2022-03-18,,1500,current,26
ACCA79C1C4BF3F0,BRW4A9453570A95,CREDIT_BUILDING,2022-02-15,,3000,delinquent_30,14
ACCFC4A6DF88EA9,BRW63322C06D6D9,CREDIT_BUILDING,2023-10-19,,3000,current,4
ACC2B1BE37C6E19,BRW28AE1D690412,CREDIT_LINE,2024-03-11,,1500,delinquent_60,14
ACCC7FE33C3565A,BRWDCE0FBA09B16,CREDIT_LINE,2022-09-23,,2000,current,2
ACC97DF93DC4277,BRWF9C1A2B6F736,PREPAID_SECURED,2023-10-31,,1000,current,23
ACC20A4D21FB477,BRWE6B53851C56C,CREDIT_BUILDING,2022-12-08,,1500,current,24
ACCABD86C3E9662,BRWDFCB54D97ED0,CREDIT_LINE,2024-02-06,,1500,current,10
ACC86201C7ECBFA,BRWF20188EF0961,CREDIT_BUILDING,2024-03-07,,5000,current,5
ACCBF8EF5210619,BRWEEACDA25E1B3,CREDIT_LINE,2023-02-26,,2000,delinquent_30,9
ACCFDCC8939FAB9,BRW71EA9D4278BE,CREDIT_LINE,2022-10-29,,5000,current,7
ACC04DCEF7D910B,BRW2207FF72AB29,PREPAID_SECURED,2024-03-01,,5000,current,28
ACCB8A9722BB8F1,BRW2207FF72AB29,CREDIT_BUILDING,2024-02-27,,500,current,3
ACCFBE3DD71629B,BRW8615A9E61FAF,PREPAID_SECURED,2022-04-20,,2000,current,19
ACC41E8029E3077,BRW57445BE6FF87,CREDIT_BUILDING,2024-05-28,,1000,delinquent_60,2
ACC54653F3BBDD7,BRWC82FC7FECD9A,CREDIT_LINE,2022-03-14,,1500,current,12
ACC8FEA85B9776C,BRWDAAB0B4A9229,CREDIT_BUILDING,2023-12-22,,2000,current,22
ACC94D9D304348B,BRWDAAB0B4A9229,PREPAID_SECURED,2023-11-21,,1000,current,15
ACC1E63523A835C,BRW0AB5181A1EE4,CREDIT_LINE,2024-06-16,,2000,current,12
ACC748A3DA07869,BRW8222F6D69CAA,PREPAID_SECURED,2023-06-24,,1500,delinquent_30,3
ACC991BBD55076C,BRW7CCAA98B534C,PREPAID_SECURED,2022-12-26,,500,current,25
ACCD9815AFD7209,BRW5013429A74AC,PREPAID_SECURED,2023-12-06,,1000,current,7
ACC1999119E6391,BRW5013429A74AC,CREDIT_BUILDING,2023-10-30,,5000,current,28
ACC7B06A1917843,BRW453A04577705,CREDIT_BUILDING,2023-12-15,,5000,current,21
ACC1C0A735F509A,BRW0C07D0505EDF,PREPAID_SECURED,2022-12-29,,500,current,26
ACCFF6754EE9599,BRW23DA45843F0D,CREDIT_LINE,2023-08-19,,5000,current,13
ACC72CB0EC52451,BRW23DA45843F0D,CREDIT_BUILDING,2023-08-28,,1500,current,15
ACC90990FAAE45A,BRW1CAD4CFA00D4,CREDIT_BUILDING,2023-04-08,,3000,current,1
ACC3538A996752F,BRWE73EB78052E0,PREPAID_SECURED,2023-12-14,,1500,current,20
ACC6EA0DE7C88AF,BRW18DD597E81F1,CREDIT_LINE,2022-11-26,,500,current,9
ACC2A56BB0078E6,BRW3C1DC62F2EAF,PREPAID_SECURED,2023-05-26,,1500,current,21
ACC0BCD59291F84,BRW2FABD38522A3,CREDIT_BUILDING,2023-12-13,,3000,delinquent_30,26
ACCE1B510213614,BRW0EA1A5F5440F,CREDIT_LINE,2022-04-24,,3000,current,22
ACCA04C57C7DED9,BRW0EA1A5F5440F,CREDIT_LINE,2022-03-12,,5000,current,10
ACC2715A6612B38,BRW5AC6082F2FD0,CREDIT_BUILDING,2024-06-13,,2000,current,19
ACC697A8B04B2FB,BRWF8650D97CEA7,PREPAID_SECURED,2023-11-25,,1000,current,8
ACCEBA1D836F82F,BRW9C8062A0E0EE,PREPAID_SECURED,2024-04-25,,2000,delinquent_90,12
ACCF2CD819AA3A3,BRWA56DC37163CA,PREPAID_SECURED,2022-09-22,,1000,delinquent_60,6
ACC0A57BD9EAB48,BRW2298427B7E07,PREPAID_SECURED,2023-09-23,,1000,delinquent_30,26
ACCBB26D9623A23,BRWE4179DD02990,PREPAID_SECURED,2024-04-30,2024-10-22,1000,charged_off,3
ACCD0F9A435F184,BRW49703893378C,CREDIT_LINE,2022-10-25,,5000,delinquent_60,26
ACC84C0A4D3CB12,BRW67685B40E4B6,CREDIT_LINE,2023-07-31,,1500,current,28
ACC6E7A18ABDB73,BRW67685B40E4B6,PREPAID_SECURED,2023-07-15,,2000,current,19
ACCB5301E566F82,BRW9B495B962343,CREDIT_BUILDING,2022-06-23,,500,current,17
ACC90698D6F26C1,BRW7DD6FF7F54AB,CREDIT_LINE,2023-10-08,,2000,current,2
ACCB9605AB71CD8,BRW897EF26EC49E,CREDIT_LINE,2022-05-19,2023-08-02,1000,closed,19
ACCF8004E0CA344,BRW897EF26EC49E,PREPAID_SECURED,2022-07-06,,2000,current,6
ACCDF4B5854EA52,BRW9AD811ED0AC1,CREDIT_BUILDING,2023-06-03,,1500,current,11
ACC2FE05AA85E47,BRW14175A47C70D,CREDIT_BUILDING,2022-04-22,,2000,current,19
ACCB9BB8986D482,BRWB61936E99EEC,CREDIT_LINE,2022-03-17,,500,current,21
ACC425D39895C68,BRW6CCFEFF817BC,CREDIT_BUILDING,2022-12-02,,2000,current,18
ACC2F708D12233A,BRW784AAD69F520,PREPAID_SECURED,2023-05-29,,500,delinquent_90,7
ACCD1DE429A4AAB,BRW6410D70F76DF,CREDIT_BUILDING,2023-05-18,,5000,delinquent_30,23
ACCE2B19593E07D,BRW5051D1301F12,PREPAID_SECURED,2022-12-15,,1000,current,19
ACC8A8F9CD474FF,BRW5051D1301F12,CREDIT_BUILDING,2022-12-15,,1000,current,10
ACC58202E9D3B75,BRWD8DD0ABD7ADF,PREPAID_SECURED,2023-10-31,,5000,current,11
ACC1600B16C56FF,BRWD8DD0ABD7ADF,CREDIT_LINE,2023-10-29,2024-07-20,5000,closed,12
ACC0F4CCEB6E555,BRW841DB770CEA2,CREDIT_BUILDING,2023-02-05,,2000,current,24
ACCAFB54FB159D0,BRWABAD1BA5CF1D,PREPAID_SECURED,2023-06-15,,5000,current,6
ACCCCC40D14AA51,BRWABAD1BA5CF1D,CREDIT_BUILDING,2023-06-09,,1500,current,13
ACC9B9A803730BF,BRW18A33E9BEF9B,PREPAID_SECURED,2024-06-08,,3000,current,2
ACC23C7012F9C56,BRW18A33E9BEF9B,CREDIT_BUILDING,2024-07-04,,500,current,2
ACC20D3109372A7,BRWEC972C177D46,PREPAID_SECURED,2024-02-04,,2000,current,9
ACC72CF122B1BCF,BRWFC8F209AF0BF,PREPAID_SECURED,2023-03-09,,1000,current,1
ACC640C744925C4,BRW8193A7A9DE8C,CREDIT_LINE,2024-02-29,,500,current,20
ACC4AF3CABDE41A,BRWE353A3B00606,CREDIT_BUILDING,2023-01-27,,2000,delinquent_60,17
ACCE8E4E8F87F8A,BRW2DCAB21E59B4,CREDIT_BUILDING,2022-03-17,,1500,current,16
ACC254851101C68,BRWAED3FD934877,CREDIT_BUILDING,2022-04-21,,1500,delinquent_60,12
ACC58EFFD2AE973,BRW5BCABC2CFCBA,CREDIT_LINE,2023-08-11,,1000,current,7
ACCC2F52218EC35,BRW211D030A32C3,CREDIT_BUILDING,2023-01-03,,1500,current,22
ACC457DCB693CC8,BRW272A6A65D2CE,CREDIT_BUILDING,2024-01-16,,3000,current,3
ACC911129F99964,BRW194DE5C3EAF6,CREDIT_LINE,2022-12-31,,5000,delinquent_30,21
ACC1C767C814D6F,BRW134CB117D70E,CREDIT_BUILDING,2023-11-22,,1500,current,27
ACC0178CDDB734D,BRW4812C9975F4E,PREPAID_SECURED,2024-05-17,,1500,current,11
ACCA6A6918C5193,BRW73FD5BC09C68,CREDIT_BUILDING,2023-08-18,,500,delinquent_60,1
ACC9A37C06BB8E0,BRWEFE3BD039AC2,CREDIT_LINE,2024-04-07,,5000,current,15
ACCA5D44A01FD27,BRWEFE3BD039AC2,CREDIT_BUILDING,2024-04-04,,1500,delinquent_60,12
ACC814242AFD553,BRW3C87FEECE4F8,CREDIT_LINE,2022-02-07,,500,current,9
ACCD7276B4406BB,BRW3C87FEECE4F8,CREDIT_LINE,2022-03-21,,2000,current,26
ACC9BCE75339AF3,BRWB26F89BE3B80,PREPAID_SECURED,2022-03-27,,1000,current,24
ACC34A5E9317804,BRWFB3E3402D745,PREPAID_SECURED,2023-02-12,,1000,current,16
ACC81EA1E43E1DA,BRWD984CCDAB4F8,CREDIT_LINE,2023-09-15,,2000,current,25
ACC8E715A0ADF3A,BRWD984CCDAB4F8,PREPAID_SECURED,2023-08-25,,3000,current,27
ACCFF708F70381C,BRW124E98D2F157,CREDIT_LINE,2022-05-31,,1000,current,4
ACC0300B49CD819,BRWA365AED57BA5,PREPAID_SECURED,2023-05-08,,500,current,11
ACC155DA8407064,BRWA365AED57BA5,PREPAID_SECURED,2023-04-10,,5000,delinquent_60,25
ACC07D0CF0379A3,BRW8CF36B2FF570,PREPAID_SECURED,2024-04-21,,3000,current,28
ACCA64A21CEA07E,BRW56200505006F,CREDIT_BUILDING,2022-07-12,,5000,current,14
ACC8CC7454F7A36,BRW74ACE08533F7,PREPAID_SECURED,2022-10-21,,2000,current,21
ACC5C21693B9D91,BRW78B7FCA0236F,PREPAID_SECURED,2023-05-21,,3000,delinquent_90,2
ACC57FED96CD6FE,BRWBD6C78B27659,CREDIT_LINE,2022-06-25,,1000,current,28
ACCFC1FA2F8585C,BRW24967D1A750D,CREDIT_LINE,2023-05-24,,500,delinquent_30,8
ACCD54FE1C57812,BRWD3E332BA2A8A,PREPAID_SECURED,2023-02-26,,500,current,21
ACC2CBC7FDF3B35,BRW514A90F1411E,CREDIT_LINE,2022-12-27,,1000,current,26
ACCA42A7D06289D,BRWC1A8133B754C,CREDIT_BUILDING,2022-10-29,,2000,current,16
ACC4B199FE28577,BRW957A3A7B4B32,CREDIT_BUILDING,2022-06-30,,500,current,18
ACCDA3260025A09,BRW39873AEE88AB,PREPAID_SECURED,2023-07-19,,500,delinquent_30,21
ACCBA4E77EAFC1D,BRWC77BA499A3FE,PREPAID_SECURED,2022-04-16,,3000,current,15
ACCD54F60C89D04,BRW096084C699CA,CREDIT_LINE,2022-02-12,,500,delinquent_30,11
ACCE96CC3DD2CEA,BRW096084C699CA,PREPAID_SECURED,2022-02-24,,3000,current,22
ACC9107FFEBD202,BRW30B298DD0780,PREPAID_SECURED,2023-09-10,,500,current,8
ACCB6234B49FC68,BRW77090631E1C3,PREPAID_SECURED,2022-11-15,2023-12-08,5000,charged_off,17
ACC736D4DB01E70,BRWD8D8D04AC2F0,CREDIT_LINE,2022-07-01,,500,delinquent_90,5
ACC7C0AE0D12B22,BRWFC81243CA891,CREDIT_LINE,2022-05-18,,5000,current,20
ACC07910B57501B,BRWFC81243CA891,CREDIT_LINE,2022-04-13,,1000,current,7
ACC59907EBC9318,BRW65965F379D98,CREDIT_BUILDING,2023-10-16,,1000,current,25
ACC9F6C4EBD17A8,BRW4F7EC96E8B8F,PREPAID_SECURED,2024-04-02,,5000,delinquent_60,4
ACC25912CC33ADC,BRW255E0C168049,PREPAID_SECURED,2022-04-17,,2000,current,5
ACC2E89142329CF,BRW7BCE360E17B3,PREPAID_SECURED,2022-07-18,,3000,delinquent_30,14
ACCFFBED8EC9DF1,BRW7BCE360E17B3,PREPAID_SECURED,2022-09-09,,3000,current,25
ACCDBD10CDA9F75,BRW94FA309AD43F,PREPAID_SECURED,2022-09-10,,5000,current,27
ACC165ADE0A7ED7,BRW94FA309AD43F,PREPAID_SECURED,2022-09-07,,500,current,20
ACC088C53B72B3F,BRW6A59DCA4216A,PREPAID_SECURED,2023-10-11,,2000,current,23
ACCF62E504A334B,BRW6A59DCA4216A,CREDIT_LINE,2023-10-27,,1000,current,10
ACCFCAD6E46ED57,BRW1CF5AE325CF6,PREPAID_SECURED,2022-07-09,,1000,current,24
ACC978E8744F8BC,BRW5E4B388D4AE7,CREDIT_LINE,2024-04-05,,5000,current,23
ACCEC56A58E0157,BRWBE690CC18693,CREDIT_BUILDING,2023-11-25,,5000,current,20
ACC8AF09A874B69,BRWF659E611337E,CREDIT_BUILDING,2022-07-17,,1500,delinquent_90,23
ACC796531C13FB4,BRWF28BF1BA2669,PREPAID_SECURED,2024-04-06,,3000,current,11
ACCB3E21F0FA2CF,BRWB0F3C4C4468A,PREPAID_SECURED,2022-05-04,,1500,current,19
ACC21BFE23C305D,BRW291E451CE62F,PREPAID_SECURED,2023-02-27,,2000,current,10
ACC2760435652F7,BRW291E451CE62F,PREPAID_SECURED,2023-03-10,,2000,delinquent_30,4
ACCD3491B10013C,BRW95A9B71A9CE2,CREDIT_BUILDING,2023-10-01,,500,current,9
ACC3A3A2B269DC1,BRWC815B748A342,CREDIT_BUILDING,2023-08-01,,1500,current,27
ACCB30A1D2BD94A,BRW072A5EBA4018,PREPAID_SECURED,2023-05-26,,1500,current,2
ACC7599BFD5EEA2,BRW439FE4517D04,PREPAID_SECURED,2022-12-24,,500,current,24
ACCD8C182D1BC90,BRWABA3A4F928A7,CREDIT_LINE,2023-04-21,,5000,current,8
ACC46D33FD4CA34,BRWA3EE9CB360DF,PREPAID_SECURED,2024-02-21,,5000,current,2
ACC260DB9C40879,BRW747A16150708,CREDIT_LINE,2022-10-05,2024-12-04,2000,charged_off,18
ACC7DC957D9E793,BRW747A16150708,CREDIT_BUILDING,2022-09-14,,500,delinquent_30,20
ACC1C69E1FB08CC,BRW91013850D786,PREPAID_SECURED,2023-08-14,,2000,delinquent_60,23
ACCA77EBB890306,BRW91013850D786,PREPAID_SECURED,2023-08-04,,5000,current,18
ACCBCFDFADB9FFD,BRW88B5E8F7E0C1,CREDIT_LINE,2023-02-13,2024-03-10,5000,charged_off,6
ACC58962DC71CE0,BRW7C208C4F51DF,PREPAID_SECURED,2022-02-27,2024-06-18,1000,charged_off,4
ACC014A8C2BEE9D,BRW7C208C4F51DF,PREPAID_SECURED,2022-03-19,,500,current,9
ACC73649621425D,BRW0F748600FBCE,CREDIT_LINE,2023-01-10,,1500,current,23
ACCA07EFCBDC10D,BRW3F34D82369A8,PREPAID_SECURED,2022-09-18,,1000,delinquent_90,2
ACC8D346EF2B3D6,BRW3F34D82369A8,PREPAID_SECURED,2022-11-04,,5000,current,10
ACC54B1CA7B5B08,BRW3C3B1E88555D,PREPAID_SECURED,2022-07-09,,3000,current,11
ACC3225EB33B98C,BRW724754760D63,PREPAID_SECURED,2023-01-05,,3000,current,6
ACC2BAD0A3FC057,BRW952E8EF9E0FA,CREDIT_BUILDING,2022-06-16,,2000,current,7
ACC008B11BF5D11,BRW904F7BF043FD,PREPAID_SECURED,2023-08-17,,1500,current,17
ACC4894762B95A3,BRWAB4DB5722840,PREPAID_SECURED,2023-12-23,,5000,current,12
ACC842DAE1A7510,BRW3799FE8B5B0F,PREPAID_SECURED,2022-06-02,,5000,current,8
ACC543175E730E4,BRWFB247F2EABB6,CREDIT_BUILDING,2022-03-03,,1500,current,13
ACCAD7C8A80883E,BRWFB247F2EABB6,CREDIT_BUILDING,2022-02-04,,3000,delinquent_30,17
ACC2E0052400908,BRW3B7E14DF4A2F,CREDIT_LINE,2023-01-08,,3000,delinquent_30,16
ACC13A9499B8ADB,BRW3B7E14DF4A2F,CREDIT_BUILDING,2022-12-18,,1500,delinquent_90,11
ACC523E56A428F0,BRWB85F2ED81ABB,PREPAID_SECURED,2022-07-20,,500,current,18
ACCEAC82CBAC4AB,BRWFB703FA0D055,CREDIT_BUILDING,2023-06-08,,1000,current,28
ACC017344E5BFB6,BRWDA787E5DC231,PREPAID_SECURED,2022-04-02,,500,current,24
ACCD6F32C064A1A,BRWC7F1464B9678,CREDIT_BUILDING,2022-06-25,,500,delinquent_30,1
ACC7957252F4D37,BRWE29ABF28EF41,CREDIT_BUILDING,2024-05-22,,500,current,6
ACCBAF0F2029757,BRW2978494426BF,CREDIT_BUILDING,2024-02-13,,500,current,9
ACCF8787F2D9919,BRW708A498A3F0C,CREDIT_LINE,2023-04-28,,5000,current,1
ACC95E419021A81,BRW9FEB65CFE65E,PREPAID_SECURED,2022-09-04,,3000,current,20
ACCB2FCF3516E9E,BRW41267D90C5E9,CREDIT_BUILDING,2024-06-21,,3000,current,12
ACC0AD72F307427,BRWBA681C7C58D8,CREDIT_LINE,2023-04-03,,1500,delinquent_30,20
ACCB4C195395DB6,BRWBA681C7C58D8,CREDIT_LINE,2023-04-02,,1500,delinquent_30,13
ACC89EBDB30F6A6,BRWA63C5C577822,PREPAID_SECURED,2023-07-11,,500,current,8
ACCEC2E5D2E63E2,BRW1732ACF57BC8,PREPAID_SECURED,2024-04-25,,3000,current,5
ACC38BC51C3D2DE,BRW604A24758DE2,CREDIT_BUILDING,2023-12-14,,5000,current,18
ACC4E4BB68EC96C,BRW0BD51522C977,PREPAID_SECURED,2024-01-08,,500,current,20
ACC9FC41569FE3A,BRW0BD51522C977,CREDIT_BUILDING,2024-01-24,,3000,current,10
ACCFE5D5D023A7F,BRWA96258DE1103,CREDIT_LINE,2022-05-13,,5000,current,21
ACCCDD7840C45CF,BRW456B8507A376,PREPAID_SECURED,2022-06-09,,1000,current,27
ACC8484795E3F5B,BRW456B8507A376,PREPAID_SECURED,2022-06-16,,1000,current,26
ACC9547878EEBCF,BRW612FF1744E40,PREPAID_SECURED,2024-04-19,,3000,current,3
ACC70288C1C5990,BRW5C5E0E09975A,PREPAID_SECURED,2023-03-05,,1500,current,19
ACC366B553F6F3B,BRWE76190AB4456,PREPAID_SECURED,2023-02-21,,1500,current,8
ACCC390F15B1156,BRW446FC45B5AD1,CREDIT_LINE,2023-01-01,,500,delinquent_90,16
ACC8A4C959B5949,BRWB139986BBCBC,PREPAID_SECURED,2024-04-29,,5000,current,5
ACC297D6DCB40CD,BRW93FB9ED1214B,CREDIT_BUILDING,2024-01-06,2024-06-30,1500,charged_off,11
ACCBD392CB9C9F6,BRW64DF1E066126,CREDIT_LINE,2023-04-19,,5000,delinquent_30,9
ACCF2B2E781CCAA,BRWDFE1D3D66C01,CREDIT_LINE,2022-09-28,,5000,delinquent_30,15
ACCD26E717060F9,BRWDFE1D3D66C01,CREDIT_LINE,2022-10-18,,1500,delinquent_30,18
ACC5B5E7D28EF75,BRWDD60069A765B,CREDIT_LINE,2023-08-05,,3000,current,28
ACC39AE38DFA810,BRW1E68FCB78D9E,PREPAID_SECURED,2023-01-01,,3000,current,21
ACC2AAA2BD8E656,BRW1E68FCB78D9E,CREDIT_BUILDING,2022-11-09,,5000,current,28
ACC964A3171C78F,BRWFBBD27520CC4,PREPAID_SECURED,2023-04-15,,3000,current,7
ACCD1697B6B9532,BRW6DD8A21543F9,PREPAID_SECURED,2023-10-09,,1500,current,16
ACC1C9B955DBDC7,BRW6DD8A21543F9,CREDIT_BUILDING,2023-10-15,,1000,current,25
ACC0AE4CAEE16AD,BRW5CFC6359D502,PREPAID_SECURED,2022-10-29,,1500,current,17
ACCA2A4F4929D40,BRWD9D9F91C943F,CREDIT_BUILDING,2023-10-15,,3000,current,28
ACC57059641C5A4,BRW74917DE95C4B,PREPAID_SECURED,2023-12-21,,5000,current,5
ACC9F5E60404157,BRW74917DE95C4B,PREPAID_SECURED,2023-12-10,,1000,current,22
ACCFF8C34CDBC77,BRW7B6808F0F259,CREDIT_LINE,2022-03-20,,5000,delinquent_30,2
ACC364F941C37A1,BRW7B6808F0F259,CREDIT_LINE,2022-03-25,,2000,current,12
ACC75C1967DF42D,BRW7D1FA7F29726,CREDIT_LINE,2023-09-02,,1000,current,13
ACCD7B46335CA56,BRWE04C3E184212,PREPAID_SECURED,2023-11-11,,500,current,11
ACCBF8EEB77BE5C,BRW3D2A44BAECFE,PREPAID_SECURED,2023-02-03,,5000,delinquent_60,9
ACC27A787D389CA,BRW8030A2510224,CREDIT_LINE,2024-04-06,,1000,current,12
ACC9F4278D6B6A8,BRWECA5445BDC8C,CREDIT_LINE,2022-04-13,,500,current,8
ACC4CFDFC5D41E3,BRW604A4624B750,CREDIT_LINE,2024-05-22,,1500,current,20
ACC04A950D77EA4,BRW5DB2F58F999C,CREDIT_BUILDING,2023-12-04,,1000,current,3
ACCF24F2A49AF14,BRW4A034ABF59BD,CREDIT_BUILDING,2022-02-24,,1000,current,12
ACCC52A0D646EC3,BRWD047818893A7,CREDIT_LINE,2022-04-05,,500,current,26
ACC266341DBFA94,BRW198A8BD2AB44,CREDIT_LINE,2024-04-21,,2000,current,7
ACCE7B0054A272C,BRW0645A2FFAC9B,CREDIT_BUILDING,2022-11-30,,2000,current,5
ACCCE9586FA9541,BRWDC2C4DDC9992,CREDIT_BUILDING,2022-10-17,,1000,current,19
ACCB81C4D319871,BRWA323D386AC42,PREPAID_SECURED,2024-02-11,,1500,delinquent_90,13
ACCCD589F17AB5B,BRW3432C787F530,PREPAID_SECURED,2022-08-16,,5000,current,24
ACCC1E800864B7B,BRW3A82293595DD,PREPAID_SECURED,2022-10-19,,500,current,16
ACC0426A33AF4CA,BRWA047C2CB5C53,PREPAID_SECURED,2023-03-27,,1000,delinquent_60,5
ACCF150AB84EAF6,BRWA047C2CB5C53,CREDIT_BUILDING,2023-05-06,,3000,delinquent_60,20
ACCF2FAABDBEC31,BRW87F740CCE7A5,CREDIT_LINE,2022-11-13,,1000,delinquent_30,15
ACC6D562079374A,BRWEA2790AABCD7,CREDIT_BUILDING,2022-11-14,,1000,current,4
ACC3FEBA8201ED3,BRW08E9E1782DE1,CREDIT_BUILDING,2024-01-10,,3000,current,20
ACCF3FC3D71E227,BRWAA74F6B50381,PREPAID_SECURED,2023-10-22,,3000,current,17
ACC75374D02DD52,BRW89FC9FB4581E,PREPAID_SECURED,2022-03-23,,2000,current,18
ACC79061DE45395,BRW075EFFA12175,PREPAID_SECURED,2024-05-27,,5000,current,14
ACC841699802600,BRW075EFFA12175,CREDIT_LINE,2024-04-23,,500,current,8
ACC2F292D570BA9,BRW3F9320B26218,PREPAID_SECURED,2022-06-26,,2000,current,25
ACCC0642651C06C,BRW3F9320B26218,CREDIT_LINE,2022-07-19,,5000,current,5
ACC5061906F6CE2,BRWAB1D05B0BC05,CREDIT_BUILDING,2022-03-26,,1000,delinquent_90,10
ACCB41C8A494861,BRW451396ABB674,CREDIT_BUILDING,2023-02-09,,2000,current,23
ACCCAF7073355A8,BRW6F7F58B265D7,PREPAID_SECURED,2022-06-07,,3000,current,1
ACCF3DB8B13D6B0,BRW93F2EE76E0EF,CREDIT_LINE,2023-04-13,,5000,delinquent_30,12
ACC11BEF22E8BBA,BRW32B632C3AE0D,CREDIT_LINE,2023-02-07,,5000,current,28
ACCD3923A42F368,BRWB57FFD58551E,PREPAID_SECURED,2022-06-02,,1500,current,13
ACC384138A0418A,BRW71F146A7F38C,CREDIT_LINE,2023-02-27,,3000,delinquent_30,6
ACC04E5F6C8E3F3,BRW68AE2372A417,CREDIT_LINE,2024-01-26,,2000,current,19
ACC8347741E079B,BRW9079AE5F3384,PREPAID_SECURED,2024-01-26,,2000,delinquent_30,4
ACC9F6253DD3AF5,BRWA846F8AEC833,CREDIT_BUILDING,2022-06-16,2022-12-25,5000,charged_off,17
ACCA70AA9A21FBD,BRWC7318CB1D9DF,PREPAID_SECURED,2022-04-21,,3000,current,23
ACC734A7213C3EE,BRW47E575CD43F7,CREDIT_BUILDING,2023-12-09,,5000,current,27
ACC5ED86934E799,BRWBC2B05AFB643,CREDIT_BUILDING,2022-12-23,,3000,current,9
ACC28EC4E954E78,BRWFFF6A68A7D86,CREDIT_LINE,2024-03-28,,3000,current,13
ACC99DF04C6A99B,BRW1AC8E38A8269,PREPAID_SECURED,2024-04-24,,1500,current,2
ACCA5834BE5C723,BRW8BFAFD9F14DB,CREDIT_LINE,2023-02-26,,1000,current,1
ACC544F7EFEC1C0,BRW8BFAFD9F14DB,PREPAID_SECURED,2023-01-17,,5000,delinquent_90,10
ACCBAFEB217BB3B,BRW4100AE7DB7DD,PREPAID_SECURED,2022-07-02,,3000,current,8
ACC1CA14A1D47A9,BRW628F633F6A7B,PREPAID_SECURED,2023-03-27,,500,current,1
ACCFB77BF7936A7,BRW58D5139ED0B9,CREDIT_LINE,2023-03-02,,1500,delinquent_30,22
ACCEACE581A5E6C,BRW58D5139ED0B9,PREPAID_SECURED,2023-03-22,,2000,current,1
ACC64F72F0449BD,BRWB1FF82A7CFD4,PREPAID_SECURED,2022-05-13,,500,current,27
ACC7CFF9DF4BA21,BRWF0A887F2BF3C,CREDIT_LINE,2023-05-30,,1500,current,8
ACC0CB9EE299D59,BRWF76A9566B13F,PREPAID_SECURED,2023-10-30,,2000,delinquent_90,1
ACC94E49424B0DF,BRW1AB2E0D2844D,CREDIT_BUILDING,2023-04-15,,3000,current,17
ACC109054257BCB,BRWDCA8B64484A6,CREDIT_LINE,2023-08-14,,500,delinquent_30,18
ACCD1DBF0DAD021,BRW91677B5032A2,CREDIT_LINE,2024-02-02,,1500,current,19
ACC41B4B119D1B5,BRW91677B5032A2,CREDIT_LINE,2024-01-27,,1000,delinquent_30,22
ACC7876FBE6EE49,BRW2217513CE0FF,CREDIT_LINE,2022-11-24,,500,current,3
ACCBB2C36E9CD15,BRW699E28415BBA,CREDIT_BUILDING,2022-11-28,,1000,current,26
ACCDFFE38242123,BRWB10BD146C190,PREPAID_SECURED,2022-04-28,,3000,current,27
ACC4237BBC28A8A,BRW74E92589B722,PREPAID_SECURED,2022-06-25,,500,current,27
ACCB26B7A816FE3,BRW9C98151E9C6C,CREDIT_LINE,2023-01-16,,1000,current,7
ACC1CD3E2AC8A78,BRW39DA16951F80,CREDIT_BUILDING,2022-04-11,2024-06-08,1000,charged_off,16
ACC8567D44C29FC,BRW39DA16951F80,CREDIT_BUILDING,2022-05-11,,1000,current,28
ACCD8140D04723C,BRW3A035C0E6563,PREPAID_SECURED,2022-10-13,,1000,delinquent_60,12
ACCAD6A8B24BD02,BRW1571A7824E5D,PREPAID_SECURED,2023-10-01,,500,delinquent_90,22
ACC4483172E7195,BRWFF8411E44866,CREDIT_LINE,2022-10-24,2024-05-29,3000,charged_off,20
ACC3BDA7DC0C0F2,BRWB2B7BCE9BD24,CREDIT_LINE,2024-05-31,,3000,delinquent_60,6
ACC2CE6ED84360D,BRW20FE0859BCBB,CREDIT_BUILDING,2022-05-13,,3000,current,25
ACC07581995BA3F,BRW20FE0859BCBB,CREDIT_LINE,2022-04-21,,1000,current,16
ACC33333777EF1F,BRWCEBBADFA0137,PREPAID_SECURED,2023-05-13,,3000,current,25
ACCE783A0DAFFCA,BRWCEBBADFA0137,PREPAID_SECURED,2023-05-22,2024-08-11,2000,charged_off,15
ACC7B701B7777FE,BRW421628705659,CREDIT_LINE,2022-11-17,,500,current,19
ACC044BF12175FD,BRW86BCEE967C9B,CREDIT_BUILDING,2023-03-08,,3000,delinquent_60,18
ACC5C216ED04D3D,BRW2EE802AA5864,CREDIT_LINE,2022-05-06,2023-07-21,2000,charged_off,6
ACC8678CCA18AB5,BRW5EC563230685,CREDIT_LINE,2023-04-19,,2000,current,12
ACC822F84AF2D90,BRW701D476650E5,CREDIT_BUILDING,2023-02-15,,2000,current,19
ACC93F3DDFB1262,BRW701D476650E5,PREPAID_SECURED,2023-03-13,,1000,delinquent_30,9
ACC27CD25B4DAFD,BRW5BE68DC52F7B,CREDIT_BUILDING,2024-05-18,,2000,delinquent_60,5
ACCD638946C4435,BRW5BE68DC52F7B,CREDIT_BUILDING,2024-06-03,,5000,current,6
ACC40BE28B24886,BRW325A2F75C075,PREPAID_SECURED,2022-07-22,,5000,current,11
ACC2DD9736FB21D,BRWA1C11742629B,PREPAID_SECURED,2023-05-13,,1500,current,2
ACC0180D8F233C2,BRW53C6F382D757,CREDIT_LINE,2022-05-17,,1000,current,16
ACCA911BFCF4412,BRW6D258D641D8F,CREDIT_LINE,2022-08-15,,2000,delinquent_30,12
ACC67C3C3D91A3E,BRW6D258D641D8F,CREDIT_LINE,2022-09-01,,3000,current,12
ACC3181F1F60170,BRW854827C0F9E3,PREPAID_SECURED,2023-05-29,,1500,delinquent_60,7
ACCCF340B8C7265,BRWA9E391CD8BE7,CREDIT_LINE,2022-11-30,,5000,current,12
ACCDD73110FEDB3,BRW9D4B9607FD22,CREDIT_LINE,2022-06-19,,2000,delinquent_30,3
ACC214D624CAFBC,BRW1508ED362DA0,CREDIT_BUILDING,2023-01-28,,2000,current,28
ACC14BC94481B39,BRW8FF31A4FF3D4,PREPAID_SECURED,2022-09-08,,1500,current,19
ACC0A65E684C4B7,BRW824E1017F74E,CREDIT_LINE,2023-07-29,,500,current,8
ACC65353F6A83AF,BRW9DF38C73B4A9,PREPAID_SECURED,2024-01-08,,1500,current,21
